{
  "_version": "1.14.0",
  "sap.app": {
    "id": "card.explorer.simple.calendar.card",
    "type": "card",
    "title": "Sample of a List with Highlight",
    "subTitle": "Sample of a Calendar with Highlight",
    "applicationVersion": {
      "version": "1.0.0"
    },
    "shortTitle": "A short title for this Card",
    "info": "Additional information about this Card",
    "description": "A long description for this Card",
    "tags": {
      "keywords": [
        "Calendar",
        "Highlight",
        "Card",
        "Sample"
      ]
    }
  },
  "sap.card": {
    "type": "Calendar",
    "configuration": {
			"parameters": {
				"legend": {
					"value": 4,
					"type": "appointment",
					"label": "Maximum Items",
					"description": "Type06"
				}
			}
		},
    "extension": "./SampleExtension",
    "dataSources": {
      "legendData": {
        "uri": "./legendData.json",
        "type": "json"
      }
    },
    "data": {
      "request": {
        "url": "/Opportunity/teamProjects",
        "method": "GET",
        "parameters": {
          "$format": "json"
        }
      },
      "extension": {
				"method": "legendFunction"
			},
      "updateInterval": 300,
      "path": "/value"
    },
    "header": {
      "title": "Team Calendar",
      "subTitle": "Projects & Status"
    },
    "content": {
      "date":"{parameters>/TODAY_ISO}",
      "maxItems": 5,
      "maxLegendItems": 5,
      "noItemsText": "You have nothing planned for this day",
      "item": {
        "template": {
          "visualization": "appointment",
          "startDate": "{= extension.formatters.calendarDate(${projectStartDate}) }",
          "endDate":   "{= extension.formatters.calendarEndDate(${projectEndDate}) }",
          "title": "{account}",
          "text": "{primaryContact}" ,
          "type": "{type}"
        }
       
      },

      "specialDate": {
        "template": {
          "startDate": "{= extension.formatters.calendarDate(${projectStartDate}) }",
          "endDate":"{= extension.formatters.calendarEndDate(${projectEndDate}) }",
          "type": "{type}"
        }
        }
      
        
    }
  }
}
