{
	"_version": "1.14.0",
	"sap.app": {
		"id": "card.explorer.donut.card",
		"type": "card",
		"title": "Sample of a Donut Chart",
		"subTitle": "Sample of a Donut Chart",
		"applicationVersion": {
			"version": "1.0.0"
		},
		"shortTitle": "A short title for this Card",
		"info": "Additional information about this Card",
		"description": "A long description for this Card",
		"tags": {
			"keywords": [
				"Analytical",
				"Sample"
			]
		}
	},
	"sap.ui": {
		"technology": "UI5",
		"icons": {
			"icon": "sap-icon://donut-chart"
		}
	},
	"sap.card": {
		"type": "Analytical",
		"header": {
			"title": "Market Unit Split"
		},
		"content": {
			"chartType": "Donut",
			"chartProperties": {
                "legendGroup": {
					"layout": {
						"position": "top",
						"alignment": "center"
					}
				},
				"legend": {
					"visible": true
				},
				"plotArea": {
					"dataLabel": {
						"visible": true,
						"showTotal": true
					}
				},
				"title": {
					"visible": false
				}
			},
            "data": {
                "request": {
                    "url": "/v2/Opportunity/opportunityHeaderCopy",
                    "method": "GET",
                    "parameters": {
                        "$format": "json"
                    }
                },
                "updateInterval": 300,
                "path": "/d/results"
            },
			
			"dimensions": [
				{
					"name": "Market Unit",
					"value": "{marketUnit}"
				}
			],
			"measures": [
				{
					"name": "Value",
					"value": "{opportunityValue}"
				}
			],
			"feeds": [
				{
					"type": "Dimension",
					"uid": "color",
					"values": [
						"Market Unit"
					]
				},
				{
					"type": "Measure",
					"uid": "size",
					"values": [
						"Value"
					]
				}
			]
		}
	}
}