{
	"_version": "1.34.0",
	"sap.app": {
		"id": "card.explorer.analytical.popover.card",
		"type": "card",
		"title": "Sample of a Stacked Column Chart with Popover",
		"subTitle": "Sample of a Stacked Column Chart with Popover",
		"applicationVersion": {
			"version": "1.0.0"
		},
		"shortTitle": "A short title for this Card",
		"info": "Additional information about this Card",
		"description": "A long description for this Card",
		"tags": {
			"keywords": [
				"Analytical",
				"Card",
				"Stacked Column",
				"Sample"
			]
		}
	},
	"sap.ui": {
		"technology": "UI5",
		"icons": {
			"icon": "sap-icon://full-stacked-column-chart"
		}
	},
	"sap.card": {
		"type": "Analytical",
		"header": {
			"type": "Numeric",
            "data": {
                "request": {
                    "url": "/Opportunity/opportunityMaturity",
                    "method": "GET",
                    "parameters": {
                        "$format": "json",
                        "$orderby": "topic asc"
                    }
                },
                "updateInterval": 300,
                "path": "/value"
            },
			"title": "Average Customer Maturity per Topic"
			
		},
		"content": {
			"chartType": "column",
			"chartProperties": {
				"legendGroup": {
					"position": "bottom",
					"alignment": "topLeft"
				},
				"plotArea": {
					"dataLabel": {
						"visible": false,
						"showTotal": true
					}
				},
				"categoryAxis": {
					"title": {
						"visible": false
					}
				},
				"valueAxis": {
					"title": {
						"visible": false
					}
				},
				"title": {
					"visible": false
				}
			},
			"data": {
                "request": {
                    "url": "/Opportunity/opportunityMaturity",
                    "method": "GET",
                    "parameters": {
                        "$format": "json",
                        "$orderby": "topic asc"
                    }
                },
                "updateInterval": 300,
                "path": "/value"
            },
			"popover": {
				"active": true
			},
			"dimensions": [
				{
					"name": "Topic",
					"value": "{topic}"
				}
			],
			"measures": [
				{
					"name": "Maturity",
					"value": "{maturity}"
				}
			],
			"feeds": [
				{
					"type": "Dimension",
					"uid": "categoryAxis",
					"values": [
						"Topic"
					]
				},
				{
					"type": "Measure",
					"uid": "valueAxis",
					"values": [
						"Maturity"
					]
				}
			]
		}
	}
}