{
	"sap.app": {
		"id": "card.explorer.webpage.card",
		"type": "card",
		"title": "Sample of a WebPage Card",
		"subTitle" :"Sample of a WebPage Card",
		"applicationVersion": {
			"version": "1.0.0"
		},
		"shortTitle": "A short title for this Card",
		"info": "Additional information about this Card",
		"description": "A long description for this Card",
		"tags": {
			"keywords": [
				"WebPage",
				"Card",
				"Sample"
			]
		}
	},
	"sap.ui": {
		"technology": "UI5"
	},
	"sap.card": {
		"type": "WebPage",
		"configuration": {
			"parameters": {
				"minHeight": {
					"label": "Minimum Content Height",
					"description": "Minimum height of the content",
					"type": "string",
					"value": "25rem"
				}
			}
		},
		"header": {
			"title": "OpenUI5 Events",
			"icon": {
				"src": "sap-icon://desktop-mobile"
			}
		},
		"content": {
			"src": "https://openui5.org/events",
			"sandbox": "allow-scripts allow-popups allow-downloads",
			"minHeight": "{parameters>/minHeight/value}"
		}
	}
}
