{
  "css/style.css": 1691768232509,
  "model/models.js": 1687282388892,
  "cardManifests/cardManifestTasks.json": 1688657965895,
  "cardManifests/cardManifestRFP.json": 1688656649625,
  "cardManifests/cardManifestQuickLinks.json": 1688646991477,
  "cardManifests/cardManifestMaturity.json": 1688376865334,
  "cardManifests/cardManifestGoLive.json": 1688656770353,
  "cardManifests/cardManifestForecast.json": 1688467035841,
  "cardManifests/cardManifestDonut.json": 1688583228069,
  "cardManifests/cardManifestCalendar.json": 1688410910632,
  "cardManifests/cardManifestBubble.json": 1688657627048,
  "cardManifests/cardManifestAdoption.json": 1688345936399,
  "cardManifests/cardManifest.json": 1688647084505,
  "manifest.json": 1691771039213,
  "cardManifests/cardManifestWebPage.json": 1688223559758,
  "model/formatter.js": 1688598966579,
  "controller/Team.controller.js": 1688598894437,
  "controller/TasksReport.controller.js": 1689179943783,
  "controller/TaskDetail.controller.js": 1689180271503,
  "controller/Resources.controller.js": 1689241319615,
  "controller/ProjectOverview.controller.js": 1689241295186,
  "controller/Overview.controller.js": 1689175373084,
  "controller/ObjectPage.controller.js": 1689328943319,
  "controller/NotFound.controller.js": 1688635558864,
  "controller/MasterTeam.controller.js": 1688629292654,
  "controller/MainReport.controller.js": 1690963076318,
  "controller/Calendar.controller.js": 1689241275933,
  "controller/BaseController.controller.js": 1689173327946,
  "controller/App.controller.js": 1691767564951,
  "cardManifests/SampleExtension.js": 1688658035723,
  "Component.js": 1691770692882,
  "Component-preload.js": 1691771039923,
  "controller/MasterTeam-dbg.controller.js": 1688629292654,
  "model/formatter-dbg.js": 1688598966579,
  "controller/Team-dbg.controller.js": 1688598894437,
  "controller/TasksReport-dbg.controller.js": 1689179943783,
  "controller/TaskDetail-dbg.controller.js": 1689180271503,
  "controller/Resources-dbg.controller.js": 1689241319615,
  "controller/ProjectOverview-dbg.controller.js": 1689241295186,
  "controller/Overview-dbg.controller.js": 1689175373084,
  "controller/ObjectPage-dbg.controller.js": 1689328943319,
  "controller/NotFound-dbg.controller.js": 1688635558864,
  "model/models-dbg.js": 1687282388892,
  "controller/MainReport-dbg.controller.js": 1690963076318,
  "controller/Calendar-dbg.controller.js": 1689241275933,
  "controller/BaseController-dbg.controller.js": 1689173327946,
  "controller/App-dbg.controller.js": 1691767564951,
  "cardManifests/SampleExtension-dbg.js": 1688658035723,
  "Component-dbg.js": 1691770692882,
  "view/fragments/taskPopover/TaskPopover3.fragment.xml": 1688599355762,
  "view/fragments/taskPopover/TaskPopover2.fragment.xml": 1688599352346,
  "view/fragments/taskPopover/TaskPopover.fragment.xml": 1688599345034,
  "view/fragments/editFragments/EditSubTask.fragment.xml": 1689016862063,
  "view/fragments/editFragments/EditNextStep.fragment.xml": 1689173027846,
  "view/fragments/editFragments/EditMaturity.fragment.xml": 1688599241323,
  "view/fragments/editFragments/EditForecast.fragment.xml": 1689175171064,
  "view/fragments/editFragments/EditActivity.fragment.xml": 1689173038726,
  "view/fragments/sections/TaskDetailHeader.fragment.xml": 1689178917704,
  "view/fragments/sections/SmartChart.fragment.xml": 1688599321333,
  "view/fragments/sections/NotesSection.fragment.xml": 1688599278372,
  "view/fragments/sections/GeneralSectionEdit.fragment.xml": 1689173018926,
  "view/fragments/sections/GeneralSection.fragment.xml": 1688599258867,
  "view/fragments/sections/ActivitiesSection.fragment.xml": 1688599179825,
  "view/fragments/addFragments/AddVacation.fragment.xml": 1689175653363,
  "view/fragments/addFragments/AddTopic.fragment.xml": 1689177526734,
  "view/fragments/addFragments/AddTool.fragment.xml": 1689240893114,
  "view/fragments/addFragments/AddToDoTask.fragment.xml": 1689173050638,
  "view/fragments/addFragments/AddToDo.fragment.xml": 1689173071410,
  "view/fragments/addFragments/AddSubTask.fragment.xml": 1689173083174,
  "view/fragments/addFragments/AddSkill.fragment.xml": 1689240906402,
  "view/fragments/addFragments/AddProject.fragment.xml": 1689177375370,
  "view/fragments/addFragments/AddNextStep.fragment.xml": 1689173087894,
  "view/fragments/addFragments/AddNewForecast.fragment.xml": 1689175258580,
  "view/fragments/addFragments/AddLink.fragment.xml": 1689172971454,
  "view/fragments/addFragments/AddDeliverable.fragment.xml": 1689177794666,
  "view/fragments/addFragments/AddActivity.fragment.xml": 1689174445909,
  "view/fragments/WizardDialog.fragment.xml": 1689178213697,
  "view/fragments/ViewProject.fragment.xml": 1689328740927,
  "view/fragments/TeamSelection.fragment.xml": 1688649293972,
  "view/fragments/SideBar.fragment.xml": 1691767883048,
  "view/fragments/ShellBar.fragment.xml": 1691771007000,
  "view/fragments/PersonDetail.fragment.xml": 1688745333777,
  "view/fragments/InfoPopup.fragment.xml": 1691770537176,
  "view/Team.view.xml": 1689179006696,
  "view/TasksReport.view.xml": 1689329040615,
  "view/TaskDetail.view.xml": 1689329020407,
  "view/Resources.view.xml": 1689328652559,
  "view/ProjectOverview.view.xml": 1689328616499,
  "view/Overview.view.xml": 1688656984035,
  "view/ObjectPage.view.xml": 1689328845183,
  "view/NotFound.view.xml": 1688635689941,
  "view/MainReport.view.xml": 1690963084954,
  "view/Calendar.view.xml": 1689033587453,
  "view/App.view.xml": 1688601405379,
  "images/Vijay.jpeg": 1682457038000,
  "images/Sunil.jpeg": 1682457038000,
  "images/Stefan.jpeg": 1682457038000,
  "images/Sneha.jpeg": 1682457038000,
  "images/Shubham.jpeg": 1682457038000,
  "images/Sarah.jpeg": 1682457038000,
  "images/Rudolf.jpeg": 1682456972000,
  "images/Ravi.jpeg": 1682456967000,
  "images/Rajat.jpeg": 1682456938000,
  "images/Peter.jpeg": 1682456938000,
  "images/Omar.jpeg": 1682456912000,
  "images/Nesimi.jpeg": 1687468664012,
  "images/Matt.jpeg": 1682456902000,
  "images/Liliana.jpeg": 1682456898000,
  "images/Leoni.jpeg": 1688939445520,
  "images/Karthik.jpeg": 1682456128000,
  "images/Gurpreet.jpeg": 1682456212000,
  "images/Elinor.jpeg": 1682456470000,
  "images/Bas.jpeg": 1682456470000,
  "images/Arpit.jpeg": 1688940449895,
  "images/Amit.jpeg": 1682456470000,
  "images/Ami.jpeg": 1682456470000,
  "images/Abhay.jpeg": 1682456241000,
  "icon/favicon.ico": 1682469190000,
  "i18n/i18n.properties": 1688500744102,
  "index.html": 1688599976643,
  "annotations.xml": 1688422118784
}