{
  "view/fragments/SmartChart.fragment.xml": 1687180444648,
  "controller/TasksReport.controller.js": 1687180444608,
  "model/models.js": 1682366277000,
  "model/formatter.js": 1687180444624,
  "controller/Team.controller.js": 1686955682764,
  "manifest.json": 1687180625572,
  "controller/TaskDetail.controller.js": 1687180444604,
  "controller/Resources.controller.js": 1686955688352,
  "controller/ObjectPage.controller.js": 1687180444600,
  "controller/MainReport.controller.js": 1687180444600,
  "controller/ChartPage.controller.js": 1686059038334,
  "controller/App.controller.js": 1687180444596,
  "Component.js": 1687180444592,
  "Component-preload.js": 1687180626476,
  "controller/TasksReport-dbg.controller.js": 1687180444608,
  "model/formatter-dbg.js": 1687180444624,
  "controller/Team-dbg.controller.js": 1686955682764,
  "model/models-dbg.js": 1682366277000,
  "controller/TaskDetail-dbg.controller.js": 1687180444604,
  "controller/Resources-dbg.controller.js": 1686955688352,
  "controller/ObjectPage-dbg.controller.js": 1687180444600,
  "controller/MainReport-dbg.controller.js": 1687180444600,
  "controller/ChartPage-dbg.controller.js": 1686059038334,
  "controller/App-dbg.controller.js": 1687180444596,
  "Component-dbg.js": 1687180444592,
  "view/fragments/WizardDialog.fragment.xml": 1687180404691,
  "view/fragments/TaskPopover3.fragment.xml": 1683846439564,
  "view/fragments/TaskPopover2.fragment.xml": 1683846469360,
  "view/fragments/TaskPopover.fragment.xml": 1683846475716,
  "view/fragments/TaskDetailHeader.fragment.xml": 1684193862655,
  "view/fragments/StatusSection.fragment.xml": 1687180444648,
  "i18n/i18n.properties": 1687180444616,
  "view/fragments/SideBar.fragment.xml": 1686929939431,
  "view/fragments/ShellBar.fragment.xml": 1687180444644,
  "view/fragments/NotesSection.fragment.xml": 1687180444644,
  "view/fragments/GeneralSectionEdit.fragment.xml": 1684193874752,
  "view/fragments/GeneralSection.fragment.xml": 1687180444644,
  "view/fragments/ContactSectionEdit.fragment.xml": 1684163264220,
  "view/fragments/ContactSection.fragment.xml": 1687180444640,
  "view/fragments/AddTopic.fragment.xml": 1687180444640,
  "view/fragments/AddToDoTask.fragment.xml": 1687180444640,
  "view/fragments/AddToDo.fragment.xml": 1687180444640,
  "view/fragments/AddSubTask.fragment.xml": 1683830836859,
  "view/fragments/AddDeliverable.fragment.xml": 1687180444636,
  "view/Team.view.xml": 1686955779809,
  "view/TasksReport.view.xml": 1687180444636,
  "view/TaskDetail.view.xml": 1687180444632,
  "view/Resources.view.xml": 1686955614884,
  "view/ObjectPage.view.xml": 1687180004511,
  "view/MainReport.view.xml": 1687180444632,
  "view/ChartPage.view.xml": 1686056133741,
  "view/App.view.xml": 1687180426123,
  "images/Vijay.jpeg": 1682457038000,
  "images/Sunil.jpeg": 1682457038000,
  "images/Stefan.jpeg": 1682457038000,
  "images/Sneha.png": 1682457038000,
  "images/Shubham.jpeg": 1682457038000,
  "images/Sarah.jpeg": 1682457038000,
  "images/Rudolf.jpeg": 1682456972000,
  "images/Ravi.jpeg": 1682456967000,
  "images/Rajat.jpeg": 1682456938000,
  "images/Peter.jpeg": 1682456938000,
  "images/Omar.jpeg": 1682456912000,
  "images/Matt.jpeg": 1682456902000,
  "images/Liliana.jpeg": 1682456898000,
  "images/Leoni.jpeg": 1682455558000,
  "images/Karthik.jpeg": 1682456128000,
  "images/Gurpreet.jpeg": 1682456212000,
  "images/Elinor.jpg": 1682456470000,
  "images/Bas.jpeg": 1682456470000,
  "images/Arpit.jpeg": 1682456470000,
  "images/Amit.jpeg": 1682456470000,
  "images/Ami.jpeg": 1682456470000,
  "images/Abhay.jpeg": 1682456241000,
  "icon/favicon.ico": 1682469190000,
  "css/style.css": 1687180444608,
  "index.html": 1684143343423,
  "annotations.xml": 1687180444596
}