{
  "controller/TaskDetail.controller.js": 1686702974619,
  "model/models.js": 1682366277000,
  "manifest.json": 1686855988985,
  "model/formatter.js": 1683844328663,
  "controller/TasksReport.controller.js": 1685967669781,
  "i18n/i18n.properties": 1685963102333,
  "controller/ObjectPage.controller.js": 1685961182693,
  "controller/MainReport.controller.js": 1685967535316,
  "controller/ChartPage.controller.js": 1686059038334,
  "controller/App.controller.js": 1685971392163,
  "Component.js": 1684338480545,
  "Component-preload.js": 1686855989580,
  "model/formatter-dbg.js": 1683844328663,
  "model/models-dbg.js": 1682366277000,
  "controller/TasksReport-dbg.controller.js": 1685967669781,
  "controller/TaskDetail-dbg.controller.js": 1686702974619,
  "controller/ObjectPage-dbg.controller.js": 1685961182693,
  "controller/MainReport-dbg.controller.js": 1685967535316,
  "controller/ChartPage-dbg.controller.js": 1686059038334,
  "controller/App-dbg.controller.js": 1685971392163,
  "Component-dbg.js": 1684338480545,
  "view/fragments/WizardDialog.fragment.xml": 1684419290400,
  "view/fragments/TaskPopover3.fragment.xml": 1683846439564,
  "view/fragments/TaskPopover2.fragment.xml": 1683846469360,
  "view/fragments/TaskPopover.fragment.xml": 1683846475716,
  "view/fragments/TaskDetailHeader.fragment.xml": 1684193862655,
  "view/fragments/StatusSection.fragment.xml": 1683307861029,
  "view/fragments/SmartChart.fragment.xml": 1685971515460,
  "view/fragments/ShellBar.fragment.xml": 1685994725803,
  "view/fragments/NotesSection.fragment.xml": 1684154212100,
  "view/fragments/GeneralSectionEdit.fragment.xml": 1684193874752,
  "view/fragments/GeneralSection.fragment.xml": 1684193885500,
  "view/fragments/ContactSectionEdit.fragment.xml": 1684163264220,
  "view/fragments/ContactSection.fragment.xml": 1684368829520,
  "view/fragments/AddTopic.fragment.xml": 1685959704972,
  "view/fragments/AddToDoTask.fragment.xml": 1685960696758,
  "view/fragments/AddToDo.fragment.xml": 1685961489579,
  "view/fragments/AddSubTask.fragment.xml": 1683830836859,
  "view/fragments/AddDeliverable.fragment.xml": 1685959737484,
  "view/TasksReport.view.xml": 1685967562264,
  "view/TaskDetail.view.xml": 1686702672993,
  "view/ObjectPage.view.xml": 1685969304475,
  "view/MainReport.view.xml": 1685967240390,
  "view/ChartPage.view.xml": 1686056133741,
  "view/App.view.xml": 1682469220000,
  "images/Vijay.jpeg": 1682457038000,
  "images/Sunil.jpeg": 1682457038000,
  "images/Stefan.jpeg": 1682457038000,
  "images/Sneha.png": 1682457038000,
  "images/Shubham.jpeg": 1682457038000,
  "images/Sarah.jpeg": 1682457038000,
  "images/Rudolf.jpeg": 1682456972000,
  "images/Ravi.jpeg": 1682456967000,
  "images/Rajat.jpeg": 1682456938000,
  "images/Peter.jpeg": 1682456938000,
  "images/Omar.jpeg": 1682456912000,
  "images/Matt.jpeg": 1682456902000,
  "images/Liliana.jpeg": 1682456898000,
  "images/Leoni.jpeg": 1682455558000,
  "images/Karthik.jpeg": 1682456128000,
  "images/Gurpreet.jpeg": 1682456212000,
  "images/Elinor.jpg": 1682456470000,
  "images/Bas.jpeg": 1682456470000,
  "images/Arpit.jpeg": 1682456470000,
  "images/Andrea.jpeg": 1682456470000,
  "images/Amit.jpeg": 1682456470000,
  "images/Ami.jpeg": 1682456470000,
  "images/Abhay.jpeg": 1682456241000,
  "css/style.css": 1683800762443,
  "icon/favicon.ico": 1682469190000,
  "index.html": 1684143343423,
  "annotations.xml": 1686668843996
}