


<edmx:Edmx xmlns:edmx="http://docs.oasis-open.org/odata/ns/edmx" Version="4.0">
    <edmx:Reference Uri="https://oasis-tcs.github.io/odata-vocabularies/vocabularies/Org.OData.Aggregation.V1.xml">
        <edmx:Include Alias="Aggregation" Namespace="Org.OData.Aggregation.V1" />
    </edmx:Reference>
    <edmx:Reference Uri="https://oasis-tcs.github.io/odata-vocabularies/vocabularies/Org.OData.Authorization.V1.xml">
        <edmx:Include Alias="Auth" Namespace="Org.OData.Authorization.V1" />
    </edmx:Reference>
    <edmx:Reference Uri="https://oasis-tcs.github.io/odata-vocabularies/vocabularies/Org.OData.Capabilities.V1.xml">
        <edmx:Include Alias="Capabilities" Namespace="Org.OData.Capabilities.V1" />
    </edmx:Reference>
    <edmx:Reference Uri="https://wiki.scn.sap.com/wiki/download/attachments/448470974/Common.xml?api=v2">
        <edmx:Include Alias="Common" Namespace="com.sap.vocabularies.Common.v1" />
    </edmx:Reference>
    <edmx:Reference Uri="https://wiki.scn.sap.com/wiki/download/attachments/448470971/Communication.xml?api=v2">
        <edmx:Include Alias="Communication" Namespace="com.sap.vocabularies.Communication.v1" />
    </edmx:Reference>
    <edmx:Reference Uri="https://oasis-tcs.github.io/odata-vocabularies/vocabularies/Org.OData.Core.V1.xml">
        <edmx:Include Alias="Core" Namespace="Org.OData.Core.V1" />
    </edmx:Reference>
    <edmx:Reference Uri="https://oasis-tcs.github.io/odata-vocabularies/vocabularies/Org.OData.Measures.V1.xml">
        <edmx:Include Alias="Measures" Namespace="Org.OData.Measures.V1" />
    </edmx:Reference>
    <edmx:Reference Uri="https://wiki.scn.sap.com/wiki/download/attachments/448470968/UI.xml?api=v2">
        <edmx:Include Alias="UI" Namespace="com.sap.vocabularies.UI.v1" />
    </edmx:Reference>
    <edmx:Reference Uri="https://oasis-tcs.github.io/odata-vocabularies/vocabularies/Org.OData.Validation.V1.xml">
        <edmx:Include Alias="Validation" Namespace="Org.OData.Validation.V1" />
    </edmx:Reference>
    <edmx:Reference Uri="$metadata">
        <edmx:Include Namespace="OpportunityService" />
    </edmx:Reference>
    <edmx:DataServices>
        <Schema xmlns="http://docs.oasis-open.org/odata/ns/edm" Namespace="com.sap.sai.workbench_annotations_anno_.v1">
           
		   <Annotations Target="OpportunityService.opportunityHeaderCopy"
				xmlns="http://docs.oasis-open.org/odata/ns/edm">
				
				<Annotation Term="com.sap.vocabularies.UI.v1.Chart"
					Qualifier="Pie_Chart">
					<Record>
						<PropertyValue Property="ChartType"
							EnumMember="com.sap.vocabularies.UI.v1.ChartType/Pie" />
						<PropertyValue Property="Dimensions">
							<Collection>
								<PropertyPath>marketUnit</PropertyPath>
							</Collection>
						</PropertyValue>
						<PropertyValue Property="Measures">
							<Collection>
								<PropertyPath>opportunityValue</PropertyPath>
							</Collection>
						</PropertyValue>
					</Record>
				</Annotation>
				<Annotation Term="com.sap.vocabularies.Common.v1.SemanticObject" String="SemanticObjectCategory"/>
</Annotations>
		   
				
            <!-- hide filters -->
            <Annotations xmlns="http://docs.oasis-open.org/odata/ns/edm" Target="OpportunityService.EntityContainer/opportunityHeader">
                <Annotation Term="Capabilities.FilterRestrictions">
                    <Record>
                        <PropertyValue Property="NonFilterableProperties">
                            <Collection>
                                <PropertyPath>valueMonth</PropertyPath>
                                <PropertyPath>valueYear</PropertyPath>
                                <PropertyPath>noteText</PropertyPath>
                                <PropertyPath>noteDate</PropertyPath>
                                <PropertyPath>averageMaturity</PropertyPath>
                                
                            </Collection>
                        </PropertyValue>
                    </Record>
                </Annotation>
            </Annotations>
        </Schema>
    </edmx:DataServices>
</edmx:Edmx>
