{
  "cardManifests/cardManifestGoLive.json": 1699958949705,
  "controller/App.controller.js": 1699958949709,
  "cardManifests/cardManifestTasks.json": 1699958949709,
  "cardManifests/cardManifestRFP.json": 1699958949709,
  "cardManifests/cardManifestQuickLinks.json": 1699958949709,
  "cardManifests/cardManifestMaturity.json": 1699958949709,
  "i18n/i18n.properties": 1703236964959,
  "cardManifests/cardManifestForecast.json": 1699958949705,
  "cardManifests/cardManifestDonut.json": 1699958949705,
  "cardManifests/cardManifestCalendar.json": 1699958949705,
  "cardManifests/cardManifestBubble.json": 1699958949705,
  "cardManifests/cardManifestAdoption.json": 1699958949705,
  "cardManifests/cardManifest.json": 1699958949705,
  "manifest.json": 1703254815796,
  "model/models.js": 1699958949733,
  "model/formatter.js": 1703236584159,
  "controller/Team.controller.js": 1699958949709,
  "controller/TasksReport.controller.js": 1699958949709,
  "controller/TaskDetail.controller.js": 1699958949709,
  "controller/Resources.controller.js": 1703252682567,
  "controller/ProjectOverview.controller.js": 1703252367814,
  "controller/Overview.controller.js": 1699958949709,
  "controller/ObjectPage.controller.js": 1699958949709,
  "controller/NotFound.controller.js": 1699958949709,
  "controller/MasterTeam.controller.js": 1699958949709,
  "controller/MainReport.controller.js": 1699958949709,
  "controller/CreatePage.controller.js": 1699958937425,
  "controller/Calendar.controller.js": 1703252807893,
  "controller/BaseController.controller.js": 1699958949709,
  "cardManifests/cardManifestWebPage.json": 1699958949709,
  "cardManifests/SampleExtension.js": 1699958949705,
  "Component.js": 1703236708487,
  "Component-preload.js": 1703254816506,
  "controller/Overview-dbg.controller.js": 1699958949709,
  "model/formatter-dbg.js": 1703236584159,
  "controller/Team-dbg.controller.js": 1699958949709,
  "controller/TasksReport-dbg.controller.js": 1699958949709,
  "controller/TaskDetail-dbg.controller.js": 1699958949709,
  "controller/Resources-dbg.controller.js": 1703252682567,
  "controller/ProjectOverview-dbg.controller.js": 1703252367814,
  "model/models-dbg.js": 1699958949733,
  "controller/ObjectPage-dbg.controller.js": 1699958949709,
  "controller/NotFound-dbg.controller.js": 1699958949709,
  "controller/MasterTeam-dbg.controller.js": 1699958949709,
  "controller/MainReport-dbg.controller.js": 1699958949709,
  "controller/CreatePage-dbg.controller.js": 1699958937425,
  "controller/Calendar-dbg.controller.js": 1703252807893,
  "controller/BaseController-dbg.controller.js": 1699958949709,
  "controller/App-dbg.controller.js": 1699958949709,
  "cardManifests/SampleExtension-dbg.js": 1699958949705,
  "Component-dbg.js": 1703236708487,
  "view/fragments/taskPopover/TaskPopover3.fragment.xml": 1699958949741,
  "view/fragments/taskPopover/TaskPopover2.fragment.xml": 1699958949741,
  "view/fragments/taskPopover/TaskPopover.fragment.xml": 1699958949741,
  "view/fragments/sections/TaskDetailHeader.fragment.xml": 1699958949741,
  "view/fragments/sections/SmartChart.fragment.xml": 1699958949741,
  "view/fragments/sections/NotesSection.fragment.xml": 1699958949741,
  "view/fragments/sections/GeneralSectionEdit.fragment.xml": 1699958949741,
  "view/fragments/sections/GeneralSection.fragment.xml": 1699958949741,
  "view/fragments/sections/ActivitiesSection.fragment.xml": 1699958949741,
  "view/fragments/editFragments/EditSubTask.fragment.xml": 1699958949741,
  "view/fragments/editFragments/EditNextStep.fragment.xml": 1699958949741,
  "view/fragments/editFragments/EditMaturity.fragment.xml": 1699958949741,
  "view/fragments/editFragments/EditForecast.fragment.xml": 1703250175284,
  "view/fragments/editFragments/EditActivity.fragment.xml": 1699958949741,
  "view/fragments/addFragments/AddVacation.fragment.xml": 1699958949741,
  "view/fragments/addFragments/AddTopic.fragment.xml": 1699958949741,
  "view/fragments/addFragments/AddTool.fragment.xml": 1699958949741,
  "view/fragments/addFragments/AddToDoTask.fragment.xml": 1699958949741,
  "view/fragments/addFragments/AddToDo.fragment.xml": 1699958949741,
  "view/fragments/addFragments/AddSubTask.fragment.xml": 1699958949741,
  "view/fragments/addFragments/AddSkill.fragment.xml": 1699958949741,
  "view/fragments/addFragments/AddProjectTopic.fragment.xml": 1703252292184,
  "view/fragments/addFragments/AddProject.fragment.xml": 1703249431380,
  "view/fragments/addFragments/AddNextStep.fragment.xml": 1699958949741,
  "view/fragments/addFragments/AddNewForecast.fragment.xml": 1699958949741,
  "view/fragments/addFragments/AddLink.fragment.xml": 1699958949741,
  "view/fragments/addFragments/AddDeliverable.fragment.xml": 1699958949741,
  "view/fragments/addFragments/AddActivity.fragment.xml": 1699958949741,
  "view/fragments/WizardDialog.fragment.xml": 1699958949741,
  "view/fragments/ViewProject.fragment.xml": 1703253883662,
  "view/fragments/TeamSelection.fragment.xml": 1699958949741,
  "view/fragments/SortDialog.fragment.xml": 1699958937429,
  "view/fragments/SideBar.fragment.xml": 1699958949741,
  "view/fragments/ShellBar.fragment.xml": 1699958949741,
  "view/fragments/PersonDetail.fragment.xml": 1699958949741,
  "view/fragments/InfoPopup.fragment.xml": 1699958949741,
  "view/Team.view.xml": 1699958949741,
  "view/TasksReport.view.xml": 1699958949741,
  "view/TaskDetail.view.xml": 1699958949733,
  "view/Resources.view.xml": 1703248917778,
  "view/ProjectOverview.view.xml": 1703248958874,
  "view/Overview.view.xml": 1699958949733,
  "view/ObjectPage.view.xml": 1699958949733,
  "view/NotFound.view.xml": 1699958949733,
  "view/MainReport.view.xml": 1699958949733,
  "view/CreatePage.view.xml": 1699958937429,
  "view/Calendar.view.xml": 1699958949733,
  "view/App.view.xml": 1699958949733,
  "images/Vijay.jpeg": 1699958949717,
  "images/Sunil.jpeg": 1699958949717,
  "images/Stefan.jpeg": 1699958949717,
  "images/Sneha.jpeg": 1699958949717,
  "images/Shubham.jpeg": 1699958949717,
  "images/Sarah.jpeg": 1699958949717,
  "images/Rudolf.jpeg": 1699958949717,
  "images/Ravi.jpeg": 1699958949717,
  "images/Rajat.jpeg": 1699958949717,
  "images/Peter.jpeg": 1699958949713,
  "images/Omar.jpeg": 1699958949713,
  "images/Nesimi.jpeg": 1699958949713,
  "images/Matt.jpeg": 1699958949713,
  "images/Liliana.jpeg": 1699958949713,
  "images/Leoni.jpeg": 1699958949713,
  "images/Karthik.jpeg": 1699958949709,
  "images/Gurpreet.jpeg": 1699958949709,
  "images/Eswara.jpeg": 1703236498313,
  "images/Elinor.jpeg": 1699958949709,
  "images/Biswajit.jpeg": 1703236492929,
  "images/Bas.jpeg": 1699958949709,
  "images/Arpit.jpeg": 1699958949709,
  "images/Amit.jpeg": 1699958949709,
  "images/Ami.jpeg": 1699958949709,
  "images/Abhay.jpeg": 1699958949709,
  "icon/favicon.ico": 1699958949709,
  "css/style.css": 1699958949709,
  "index.html": 1699958949717,
  "annotations.xml": 1699958949705
}