{
  "view/fragments/EditActivity.fragment.xml": 1688599234427,
  "cardManifests/cardManifestCalendar.json": 1688410910632,
  "cardManifests/cardManifestTasks.json": 1688657965895,
  "cardManifests/cardManifestRFP.json": 1688656649625,
  "cardManifests/cardManifestQuickLinks.json": 1688646991477,
  "cardManifests/cardManifestMaturity.json": 1688376865334,
  "cardManifests/cardManifestGoLive.json": 1688656770353,
  "cardManifests/cardManifestForecast.json": 1688467035841,
  "cardManifests/cardManifestDonut.json": 1688583228069,
  "cardManifests/cardManifestWebPage.json": 1688223559758,
  "cardManifests/cardManifestBubble.json": 1688657627048,
  "cardManifests/cardManifestAdoption.json": 1688345936399,
  "cardManifests/cardManifest.json": 1688647084505,
  "manifest.json": 1689030717092,
  "model/models.js": 1687282388892,
  "model/formatter.js": 1688598966579,
  "controller/Team.controller.js": 1688598894437,
  "controller/TasksReport.controller.js": 1689012010916,
  "controller/TaskDetail.controller.js": 1689017262655,
  "controller/Resources.controller.js": 1689019390000,
  "controller/ProjectOverview.controller.js": 1689019379032,
  "controller/Overview.controller.js": 1688597750502,
  "controller/ObjectPage.controller.js": 1689015102538,
  "controller/NotFound.controller.js": 1688635558864,
  "controller/MasterTeam.controller.js": 1688629292654,
  "controller/MainReport.controller.js": 1689010688735,
  "controller/Calendar.controller.js": 1688652332619,
  "controller/BaseController.controller.js": 1688630520723,
  "controller/App.controller.js": 1688658615415,
  "cardManifests/SampleExtension.js": 1688658035723,
  "Component.js": 1689020516481,
  "Component-preload.js": 1689030718011,
  "controller/ObjectPage-dbg.controller.js": 1689015102538,
  "model/formatter-dbg.js": 1688598966579,
  "cardManifests/SampleExtension-dbg.js": 1688658035723,
  "controller/Team-dbg.controller.js": 1688598894437,
  "controller/TasksReport-dbg.controller.js": 1689012010916,
  "controller/TaskDetail-dbg.controller.js": 1689017262655,
  "controller/Resources-dbg.controller.js": 1689019390000,
  "controller/ProjectOverview-dbg.controller.js": 1689019379032,
  "controller/Overview-dbg.controller.js": 1688597750502,
  "model/models-dbg.js": 1687282388892,
  "controller/NotFound-dbg.controller.js": 1688635558864,
  "controller/MasterTeam-dbg.controller.js": 1688629292654,
  "controller/MainReport-dbg.controller.js": 1689010688735,
  "controller/Calendar-dbg.controller.js": 1688652332619,
  "controller/BaseController-dbg.controller.js": 1688630520723,
  "controller/App-dbg.controller.js": 1688658615415,
  "Component-dbg.js": 1689020516481,
  "view/fragments/WizardDialog.fragment.xml": 1688599383259,
  "view/fragments/ViewProject.fragment.xml": 1688652940216,
  "view/fragments/TeamSelection.fragment.xml": 1688649293972,
  "view/fragments/TaskPopover3.fragment.xml": 1688599355762,
  "view/fragments/TaskPopover2.fragment.xml": 1688599352346,
  "view/fragments/TaskPopover.fragment.xml": 1688599345034,
  "view/fragments/TaskDetailHeader.fragment.xml": 1688599333434,
  "view/fragments/StatusSection.fragment.xml": 1688599328633,
  "view/fragments/SmartChart.fragment.xml": 1688599321333,
  "view/fragments/SideBar.fragment.xml": 1688599310757,
  "view/fragments/ShellBar.fragment.xml": 1688599298981,
  "view/fragments/PersonDetail.fragment.xml": 1688745333777,
  "view/fragments/NotesSection.fragment.xml": 1688599278372,
  "view/fragments/InfoPopup.fragment.xml": 1689011439164,
  "view/fragments/GeneralSectionEdit.fragment.xml": 1688599270696,
  "view/fragments/GeneralSection.fragment.xml": 1688599258867,
  "view/fragments/EditSubTask.fragment.xml": 1689016862063,
  "view/fragments/EditNextStep.fragment.xml": 1689015170122,
  "view/fragments/EditMaturity.fragment.xml": 1688599241323,
  "view/fragments/EditForecast.fragment.xml": 1688599062802,
  "i18n/i18n.properties": 1688500744102,
  "view/fragments/AddVacation.fragment.xml": 1688599231123,
  "view/fragments/AddTopic.fragment.xml": 1688599227695,
  "view/fragments/AddTool.fragment.xml": 1688599223966,
  "view/fragments/AddToDoTask.fragment.xml": 1688599221258,
  "view/fragments/AddToDo.fragment.xml": 1688599218234,
  "view/fragments/AddSubTask.fragment.xml": 1688599215030,
  "view/fragments/AddSkill.fragment.xml": 1688599212210,
  "view/fragments/AddProject.fragment.xml": 1689020022580,
  "view/fragments/AddNextStep.fragment.xml": 1689015146922,
  "view/fragments/AddNewForecast.fragment.xml": 1688599200134,
  "view/fragments/AddLink.fragment.xml": 1688599196170,
  "view/fragments/AddDeliverable.fragment.xml": 1688599192494,
  "view/fragments/AddActivity.fragment.xml": 1688599187053,
  "view/fragments/ActivitiesSection.fragment.xml": 1688599179825,
  "view/Team.view.xml": 1688723414304,
  "view/TasksReport.view.xml": 1689012465512,
  "view/TaskDetail.view.xml": 1689015854198,
  "view/Resources.view.xml": 1688653570984,
  "view/ProjectOverview.view.xml": 1688653535384,
  "view/Overview.view.xml": 1688656984035,
  "view/ObjectPage.view.xml": 1689015117986,
  "view/NotFound.view.xml": 1688635689941,
  "view/MainReport.view.xml": 1688601435616,
  "view/Calendar.view.xml": 1688601415111,
  "view/App.view.xml": 1688601405379,
  "images/Vijay.jpeg": 1682457038000,
  "images/Sunil.jpeg": 1682457038000,
  "images/Stefan.jpeg": 1682457038000,
  "images/Sneha.jpeg": 1682457038000,
  "images/Shubham.jpeg": 1682457038000,
  "images/Sarah.jpeg": 1682457038000,
  "images/Rudolf.jpeg": 1682456972000,
  "images/Ravi.jpeg": 1682456967000,
  "images/Rajat.jpeg": 1682456938000,
  "images/Peter.jpeg": 1682456938000,
  "images/Omar.jpeg": 1682456912000,
  "images/Nesimi.jpeg": 1687468664012,
  "images/Matt.jpeg": 1682456902000,
  "images/Liliana.jpeg": 1682456898000,
  "images/Leoni.jpeg": 1688939445520,
  "images/Karthik.jpeg": 1682456128000,
  "images/Gurpreet.jpeg": 1682456212000,
  "images/Elinor.jpeg": 1682456470000,
  "images/Bas.jpeg": 1682456470000,
  "images/Arpit.jpeg": 1688940449895,
  "images/Amit.jpeg": 1682456470000,
  "images/Ami.jpeg": 1682456470000,
  "images/Abhay.jpeg": 1682456241000,
  "icon/favicon.ico": 1682469190000,
  "css/style.css": 1688567366628,
  "index.html": 1688599976643,
  "annotations.xml": 1688422118784
}